"","202602 濟州島四寶團🇰🇷 日期/品項","現金 韓圜金額"," 付款人","信用卡 台幣金額"," 付款人"," 備註 ","","幣別：₩ 給🍋 Ziyu 🐟"," Mei 🐱","Xiu 🐵","","Ning 🍋 給 🐟 Ning 🍋","Ziyu 🐟  Mei 🐱","Xiu 🐵 Xiu 🐵","Mei 🐱 ","給 🐱 Ziyu 🐟"," Ning 🍋","Xiu 🐵","","給 🐵 Ziyu 🐟"," Ning 🍋"," Mei 🐱","","",""
"行前共同","租車","","","$20,039","","","","","","","","","","","","","","","","","","","","",""
"","韓屋住宿","","","$15,383","","","","","","","","","","","","","","","","","","","","",""
"","住宿","","","$17,051","","","","","","","","","","","","","","","","","","","","",""
"","Esim","","","$1,886","","","","","","","","","","","","","","","","","","","","",""
"","國泰旅平險","","","$3,748","","","","","","","","$937","$937","$937","","","","","","","","","","",""
"","小計","₩0","","$54,359","","","","","","","","","","","","","","","","","","","","",""
"","2月14日","","","","","45","","","","","","","","","","","","","","","","","","",""
"共同","加油","₩89,500","","$1,959","","","","","","","","","","","","","","","","","","","","",""
"","早餐湯飯","₩45,000","","$985","","","","","","","","","","","","","","","","","","","","",""
"","君悅汗蒸幕","₩120,000","","$2,629","","","","","","","","","","","","","","","","","","","","",""
"","GS25地瓜","₩2,000","","$44","","","","","","","","","","","","","","","","","","","","",""
"","GS25蟹肉棒","₩2,500","","$55","","","","","","","","","","","","","","","","","","","","",""
"","MGC咖啡*3","₩8,500","","$186","","","","","","","","","","","","","","","","","","","","",""
"","晚餐蓮洞黑豬肉","₩94,000","","$2,060","","","","","","","","","","","","","","","","","","","","",""
"","市區停車費","₩15,000","","$333",""," 💰","","","","","","","","","","","","","","","","","","",""
"","樂天超市","₩69,200","","$1,516","","","","","","","","","","","","","","","","","","","","",""
"","小計","₩445,700","","$9,767","","","","","","","","","","","","","","","","","","","","",""
"🍋","Mandarin island香水","₩104,000","","$2,279",""," 💳","","","","","","","","","","","","","","","","","","",""
"","雪花秀","₩111,000","","$2,435","","","","","","","","","","","","","","","","","","","","",""
"","3CE唇膏","₩37,500","","$822","","","","","","","","","","","","","","","","","","","","",""
"","Planer House","₩67,000","","$1,468","","","","","","","","","","","","","","","","","","","","",""
"","小黃人衣服","₩49,000","","$1,074","","","","","","","","","","","","","","","","","","","","",""
"","MARITHE包包","₩76,400","","$1,672","","","","","","","","","","","","","","","","","","","","",""
"","MARITHE帽子","₩59,000","","",""," 💰","","","","","","","","","","","","","","","","","","",""
"🐱","MARITHE包包","₩69,000","","$1,512",""," 💳","","","","","","","","","","","","","","","","","","",""
"","2月15日","","","","","","","","","","","","","","","","","","","","","","","",""
"共同","PAIK's咖啡*4","₩12,500","","$274","","","","","","","","","","","","","","","","","","","","",""
"","章魚拉麵*4","₩63,600","","$1,394","","","","","","","","","","","","","","","","","","","","",""
"","似顏繪","₩80,000","","$1,753","","","","","","","","","","","","","","","","","","","","",""
"","似顏繪","₩41,000","","$899","","","","","","","","","","","","","","","","","","","","",""
"","路邊橘子店","₩10,000","","$220",""," 💰","","","","","","","","","","","","","","","","","","",""
"","停車費","₩8,000","","$175","","","","","","","","","","","","","","","","","","","","",""
"","孝利家民宿門票*4","₩24,000","","$526","","","","","","","","","","","","","","","","","","","","",""
"","山茶花之丘門票*4","₩48,000","","$1,052","","","","","","","","","","","","","","","","","","","","",""
"","鯛魚燒橘子汁","₩6,500","","$144",""," 💰","","","","","","","","","","","","","","","","","","",""
"","豚舍豚","₩97,000","","$2,125","","","","","","","","","","","","","","","","","","","","",""
"","水*4","₩4,700","","$104",""," 💰","","","","","","","","","","","","","","","","","","",""
"","BHC炸雞","₩25,000","","$550","","","","","","","","","","","","","","","","","","","","",""
"","CU飲料","₩10,400","","$231",""," WOWPASS","","","","","","$58","$58","$58","","","","","","","","","","",""
"","小計","₩420,300","","$9,216","","","","","","","","","","","","","","","","","","","","",""
"分開結算","藥局","","","$1,140","","  🍋💳","","$263","","","","","","","","","","","","","","","","",""
"","   🍋 40000","","","","","","","","","","","","","","","","","","","","","","","",""
"","   🐟 12000","","","","","","","","","","","","","","","","","","","","","","","",""
"🐟","Olive Young","₩109,700","","$2,404","","","","","","","","","","","","","","","","","","","","",""
"🍋","Olive Young","₩191,600","","$4,200","","","","","","","","","","","","","","","","","","","","",""
"","2月16日","","","","","","","","","","","","","","","","","","","","","","","",""
"共同","姐妹麵條","₩54,000","","$1,185","","","","","","","","","","","","","","","","","","","","",""
"","HaeJigae海邊咖啡","₩55,000","","$1,208","","","","","","","","","","","","","","","","","","","","",""
"","三姓穴海鮮湯","₩113,000","","$2,478","","","","","","","","","","","","","","","","","","","","",""
"","Emart超市","₩77,000","","$1,689","","","","","","","","","","","","","","","","","","","","",""
"","小計","₩299,000","","$6,560","","","","","","","","","","","","","","","","","","","","",""
"🍋","MUMU","₩88,000","","$1,928","","","","","","","","","","","","","","","","","","","","",""
"🐟","MUMU","₩9,000","","",""," WOWPASS","","","","","","","","","","","","","","","","","","",""
"","CU","₩1,000","","",""," WOWPASS","","","","","","","","","","","","","","","","","","",""
"","2月17日","","","","","","","","","","","","","","","","","","","","","","","",""
"共同","麥當勞早餐","₩23,700","","$522","","","","","","","","","","","","","","","","","","","","",""
"","麥當勞捲捲薯條","₩3,100","","$69","","","","","","","","","","","","","","","","","","","","",""
"","Hello Kitty island門票*4","₩64,000","","$1,402","","","","","","","","","","","","","","","","","","","","",""
"","Hello Kitty island拍卡","₩5,000","","$111",""," 💰","","","","","","","","","","","","","","","","","","",""
"","Hello Kitty island拍卡","₩3,000","","$66","","","","","","","","","","","","","","","","","","","","",""
"","Hello Kitty island拍卡","₩3,000","","$66","","","","","","","","","","","","","","","","","","","","",""
"","濟州鮑魚粥","₩60,000","","$1,313","","","","","","","","","","","","","","","","","","","","",""
"","Coffee","₩3,800","","$84",""," 💰","","","","","","","","","","","","","","","","","","",""
"","PHOTOTYPE拍貼","₩5,000","","$111",""," 💰","","","","","","","","","","","","","","","","","","",""
"","韓牛","₩65,000","","$1,423","","","","","","","","","","","","","","","","","","","","",""
"","711蛋優格水","₩9,250","","$206",""," 💰","","","","","","","","","","","","","","","","","","",""
"","JEWON CHICKEN炸雞","₩20,900","","$464","","","","","","","","","","","","","","","","","","","","",""
"","711水","₩3,800","","$84",""," 💰","","","","","","","","","","","","","","","","","","",""
"","小計","₩269,550","","$5,921","","","","","","","","","","","","","","","","","","","","",""
"🍋","Hello Kitty紀念品","₩25,500","","",""," 💰","","","","","","","","","","","","","","","","","","",""
"","BLUE ELEPHANT墨鏡","₩94,800","","$2,075","","","","","","","","","","","","","","","","","","","","",""
"","地下街牛仔褲","₩40,000","","","","","","","","","","","","","","","","","","","","","","",""
"","MLB拖鞋","₩59,000","","",""," 💰","","","","","","","","","","","","","","","","","","",""
"🐟","SPAO上衣","₩23,900","","$521",""," Linepay","","","","","","","","","","","","","","","","","","",""
"","2月18日","","","","","","","","","","","","","","","","","","","","","","","",""
"共同","停車費","₩1,500","","$33","","","","","","","","","","","","","","","","$8","$8","$8","","",""
"","診所掛號停車費","₩3,000","","$66","","","","","","","","","","","","","","","","$16","$16","$16","","",""
"","鮑魚海螺飯麵","₩59,000","","$1,294","","","","","","","","","","","","","","","","","","","","",""
"","大蒜麵包","₩7,300","","$162",""," 💰","","","","","","","","","","","","","","","","","","",""
"","MGC*3","₩8,700","","$193",""," 💰","","","","","","","","","","","","","","","","","","",""
"","細花排骨","₩52,000","","$1,139","","","","","","","","","","","","","","","","","","","","",""
"","超市","₩20,460","","$455",""," 💰","","","","","","","","","","","","","","","","","","",""
"","小計","₩151,960","","$3,342","","","","","","","","","","","","","","","","","","","","",""
"🍋","咸德Oilve Young","₩180,080","","$3,942","","","","","","","","","","","","","","","","","","","","",""
"","橘子袋子","₩6,000","","",""," 💰","","","","","","","","","","","","","","","","","","",""
"🐟","藥局","₩11,000","","$241","","","","","","","","","","","","","","","","","","","","",""
"","橘子襪子伴手禮","₩18,000","","$394","","","","","","","","","","","","","","","","","","","","",""
"","咸德Oilve Young","₩124,350","","$2,724","","","","","","","","","","","","","","","","","","","","",""
"","2月19日","","","","","","","","","","","","","","","","","","","","","","","",""
"共同","偶來市場香蕉","₩3,000","","$67",""," 💰","","","","","","","","","","","","","","","","","","",""
"","花生","₩15,000","","$333",""," 💰","","","","","","","","","","","","","","","","","","",""
"","餃子","₩12,000","","$267",""," 💰","","","","","","","","","","","","","","","","","","",""
"","一袋橘子","₩5,000","","$110","","","","","","","","","","","","","","","","","","","","",""
"","停車費","₩1,500","","$33","","","","","","","","","","","","","","","","","","","","",""
"","加油","₩20,000","","$441","","","","","","","","","","","","","","","","","","","","",""
"","滿足的商會","₩126,000","","$2,763","","","","","","","","","","","","","","","","","","","","",""
"","星巴克","₩27,400","","$601","","","","","","","","","","","","","","","","","","","","",""
"","東門市場魚板*3","₩3,000","","$67",""," 💰","","","","","","","","","","","","","","","","","","",""
"","PHOTOISM拍照","₩5,000","","$111",""," 💰","","","","","","","","","","","","","","","","","","",""
"","UGLY Peanuts花生燒","₩5,000","","$111",""," 💰","","","","","","","","","","","","","","","","","","",""
"","中華料理炒碼麵","₩39,000","","$855","","","","","","","","","","","","","","","","","","","","",""
"","橡子漫畫四格","₩32,000","","$702","","","","","","","","","","","","","","","","","","","","",""
"","橡子漫畫畫框","₩17,000","","$378",""," 💰","","","","","","","","","","","","","","","","","","",""
"","停車費","₩7,500","","$164","","","","","","","","","","","","","","","","","","","","",""
"","小北百貨","₩12,080","","$268",""," 💰","","","","","","","","","","","","","","","","","","",""
"","小計","₩330,480","","$7,271","","","","","","","","","","","","","","","","","","","","",""
"分開結算","Oilve Young黑棗汁","₩65,460","","$1,437","","  🍋💳","","$265","$89","$542","","","","","","","","","","","","","","",""
"","   🍋 24675","","","","","","","","","","","","","","","","","","","","","","","",""
"","   🐟 12060","","","","","","","","","","","","","","","","","","","","","","","",""
"","    🐱 4050","","","","","","","","","","","","","","","","","","","","","","","",""
"","    🐵 24675","","","","","","","","","","","","","","","","","","","","","","","",""
"🍋","偶來市場絨褲","₩10,000","","",""," 💰","","","","","","","","","","","","","","","","","","",""
"","Garcontimide小店手機殼","₩31,500","","$691","","","","","","","","","","","","","","","","","","","","",""
"","橘子手鏡*8+小袋","₩37,000","","",""," 💰","","","","","","","","","","","","","","","","","","",""
"","地下街衣服3袋","₩150,000","","",""," 💰","","","","","","","","","","","","","","","","","","",""
"","POT衣服","₩66,000","","",""," 💰","","","","","","","","","","","","","","","","","","",""
"🐟","偶來市場橘子襪子鏡子","₩14,000","","$307","","","","","","","","","","","","","","","","","","","","",""
"","2月20日","","","","","","","","","","","","","","","","","","","","","","","",""
"共同","加油","₩20,000","","$440","","","","","","","","","","","","","","","","","","","","",""
"","倫敦貝果博物館","₩71,500","","$1,574","","","","","","","","","","","","","","","","","","","","",""
"","Snoopy鯛魚燒*3","₩10,000","","$222",""," 💰","","","","","","","","","","","","","","","","","","",""
"","鐵軌腳踏車","₩52,000","","$1,145","","","","","","","","","","","","","","","","","","","","",""
"","月汀里MOON咖啡","₩28,500","","$627","","","","","","","","","","","","","","","","","","","","",""
"","金寧海產店","₩119,000","","$2,619","","","","","","","","","","","","","","","","","","","","",""
"","炒年糕","₩15,500","","$341","","","","","","","","$85","$85","$85","","","","","","","","","","",""
"","小計","₩316,500","","$6,627","","","","","","","","","","","","","","","","","","","","",""
"🍋","回診","₩65,400","","$1,436","","","","","","","","","","","","","","","","","","","","",""
"","白咳嗽藥","₩10,020","","$220","","","","","","$220","","","","","","","","","","","","","","",""
"","Object","₩71,200","","","","","","","","","","","","","","","","","","","","","","",""
"","蓮洞衣服","₩90,000","","",""," 💰","","","","","","","","","","","","","","","","","","",""
"","小黃人衣服給岳杰","₩49,000","","",""," 💰","","","","","","","","","","","","","","","","","","",""
"🐟","Object行李束帶","₩15,000","","$330","","","","","","","","","","","","","","","","","","","","",""
"","2月21日","","","","","","","","","","","","","","","","","","","","","","","",""
"共同","蔘雞湯","₩72,000","","$1,578","","","","","","","","","","","","","","","","","","","","",""
"","停車費","₩7,000","","$156",""," WOWPASS","","","","","","$39","$39","$39","","","","","","","","","","",""
"","PAIK'S咖啡*3","₩6,000","","$132","","","","","","","","$33","$33","$33","","","","","","","","","","",""
"","加油","₩10,000","","$219","","","","","","","","","","","","","","","","","","","","",""
"","水*2","₩2,100","","$46","","","","","","","","$12","$12","$12","","","","","","","","","","",""
"","柱狀節理帶門票*4","₩8,000","","$175","","","","","","","","","","","","","","","","","","","","",""
"","停車費","₩2,000","","$44",""," 💰","","","","","","","","","","","","","","","","","","",""
"","辣燉魚海螺麵","₩77,000","","$1,688","","","","","","","","","","","","","","","","","","","","",""
"","加油","₩10,000","","$219","","","","","","","","","","","","","","","","","","","","",""
"","五月鰻魚","₩88,000","","$1,931","","","","","","","","","","","","","","","","","","","","",""
"","Olive Young黑棗汁*10","₩40,400","","$888","","","","","","","","","","","","","","","","","","","","",""
"","CU宵夜","₩7,000","","$156",""," WOWPASS","","","","","","$39","$39","$39","","","","","","","","","","",""
"","停車費","₩7,000","","$156",""," WOWPASS","","","","","","$39","$39","$39","","","","","","","","","","",""
"","小計","₩336,500","","$6,742","","","","","","","","","","","","","","","","","","","","",""
"分開結算","Oilve Young髮油臥蠶筆","","","$1,118","","  🐟💳","","","","","","$460","","","","","","","","","","","","",""
"","   🍋 21000","","","","","","","","","","","","","","","","","","","","","","","",""
"","   🐟 33000","","","","","","","","","","","","","","","","","","","","","","","",""
"🍋","西裝褲","₩35,000","","",""," 💰","","","","","","","","","","","","","","","","","","",""
"🐟","Olen","₩40,000","","$877","","","","","","","","","","","","","","","","","","","","",""
"🐱","襪子尾戒","₩30,000","","$658","","","","","","","","","","","","","","","","","","","","",""
"","2月22日","","","","","","","","","","","","","","","","","","","","","","","",""
"共同","雪濃湯","₩63,000","","$1,381","","","","","","","","","","","","","","","","","","","","",""
"","補油錢","₩6,000","","$133",""," 💰","","","","","","","","","","","","","","","","","","",""
"","小計","₩69,000","","$1,514","","","","","","","","","","","","","","","","","","","","",""
"🐟","CU","₩8,400","","$184","","","","","","","","","","","","","","","","","","","","",""
"🐱","CU","₩5,900","","$129","","","","","","","","","","","","","","","","","","","","",""
"","九天消費總計","₩2,638,990","","$111,320","","","","$528","$89","$762","","$1,701","$1,241","$1,241","","$0","$0","$0","","$24","$24","$24","","",""
"","獲得金主導遊大力贊助","","","$50,000","","","","","","","","","","","","","","","","","","","","",""
"","每人平均總花費","","","$15,330","","","","","","","","","","","Ziyu 🐟","","","","","","Ning 🍋","","","",""
"","","","","","","","","","","","","","","","Level 1","","","","","","Level 1","","","",""
"","","","","","","","","","","","","","","","","$15,330","","","","","","$15,330","","",""
"","","","","","","","","","","","","","","","Level 2","","","","","","Level 2","","","",""
"","","","","","","","","","","","","","","","","-$3,632","","","","","","$1,931","","",""
"","","","","","","","","","","","","","","","總計","$11,698","","","","","總計","$17,261","","",""
"","","","","","","","","","","","","","","","Xiu 🐵","","","","","","","","","",""
"","","","","","","","","","","","","","","","Level 1","","","","","","","","","",""
"","","","","","","","","","","","","","","","","$15,330","","","","","","","","",""
"","","","","","","","","","","","","","","","Level 2","","","","","","","","","",""
"","","","","","","","","","","","","","","","","$1,931","","","","","","","","",""
"","","","","","","","","","","","","","","","總計","$17,261","","","","","","","","",""
"","","","","","","","","","","","","","","","Mei 🐱","","","","","","","","","",""
"","","","","","","","","","","","","","","","Level 1","","","","","","","","","",""
"","","","","","","","","","","","","","","","","$15,330","","","","","","","","",""
"","","","","","","","","","","","","","","","Level 2","","","","","","","","","",""
"","","","","","","","","","","","","","","","","$1,354","","","","","","","","",""
"","","","","","","","","","","","","","","","總計","$16,684","","","","","","","","",""